{
  "cod": "200",
  "message": 0,
  "cnt": 40,
  "list": [
    {
      "dt": 1693191600,
      "main": {
        "temp": 67.57,
        "feels_like": 68.02,
        "temp_min": 65.01,
        "temp_max": 67.57,
        "pressure": 1015,
        "sea_level": 1015,
        "grnd_level": 986,
        "humidity": 85,
        "temp_kf": 1.42
      },
      "weather": [
        {
          "id": 804,
          "main": "Clouds",
          "description": "overcast clouds",
          "icon": "04n"
        }
      ],
      "clouds": {
        "all": 92
      },
      "wind": {
        "speed": 4.59,
        "deg": 12,
        "gust": 12.73
      },
      "visibility": 10000,
      "pop": 0,
      "sys": {
        "pod": "n"
      },
      "dt_txt": "2023-08-28 03:00:00"
    },
    {
      "dt": 1693202400,
      "main": {
        "temp": 67.23,
        "feels_like": 67.55,
        "temp_min": 66.52,
        "temp_max": 67.23,
        "pressure": 1014,
        "sea_level": 1014,
        "grnd_level": 985,
        "humidity": 83,
        "temp_kf": 0.39
      },
      "weather": [
        {
          "id": 804,
          "main": "Clouds",
          "description": "overcast clouds",
          "icon": "04n"
        }
      ],
      "clouds": {
        "all": 93
      },
      "wind": {
        "speed": 4.5,
        "deg": 44,
        "gust": 12.03
      },
      "visibility": 10000,
      "pop": 0,
      "sys": {
        "pod": "n"
      },
      "dt_txt": "2023-08-28 06:00:00"
    },
    {
      "dt": 1693213200,
      "main": {
        "temp": 65.21,
        "feels_like": 65.52,
        "temp_min": 64.04,
        "temp_max": 65.21,
        "pressure": 1014,
        "sea_level": 1014,
        "grnd_level": 985,
        "humidity": 87,
        "temp_kf": 0.65
      },
      "weather": [
        {
          "id": 803,
          "main": "Clouds",
          "description": "broken clouds",
          "icon": "04n"
        }
      ],
      "clouds": {
        "all": 68
      },
      "wind": {
        "speed": 3.76,
        "deg": 34,
        "gust": 9.71
      },
      "visibility": 10000,
      "pop": 0,
      "sys": {
        "pod": "n"
      },
      "dt_txt": "2023-08-28 09:00:00"
    },
    {
      "dt": 1693224000,
      "main": {
        "temp": 65.14,
        "feels_like": 65.35,
        "temp_min": 65.14,
        "temp_max": 65.14,
        "pressure": 1014,
        "sea_level": 1014,
        "grnd_level": 985,
        "humidity": 85,
        "temp_kf": 0
      },
      "weather": [
        {
          "id": 802,
          "main": "Clouds",
          "description": "scattered clouds",
          "icon": "03d"
        }
      ],
      "clouds": {
        "all": 29
      },
      "wind": {
        "speed": 2.04,
        "deg": 22,
        "gust": 3.24
      },
      "visibility": 10000,
      "pop": 0,
      "sys": {
        "pod": "d"
      },
      "dt_txt": "2023-08-28 12:00:00"
    },
    {
      "dt": 1693234800,
      "main": {
        "temp": 76.66,
        "feels_like": 77.07,
        "temp_min": 76.66,
        "temp_max": 76.66,
        "pressure": 1014,
        "sea_level": 1014,
        "grnd_level": 986,
        "humidity": 65,
        "temp_kf": 0
      },
      "weather": [
        {
          "id": 800,
          "main": "Clear",
          "description": "clear sky",
          "icon": "01d"
        }
      ],
      "clouds": {
        "all": 0
      },
      "wind": {
        "speed": 1.61,
        "deg": 360,
        "gust": 1.48
      },
      "visibility": 10000,
      "pop": 0.05,
      "sys": {
        "pod": "d"
      },
      "dt_txt": "2023-08-28 15:00:00"
    },
    {
      "dt": 1693245600,
      "main": {
        "temp": 83.66,
        "feels_like": 84.9,
        "temp_min": 83.66,
        "temp_max": 83.66,
        "pressure": 1012,
        "sea_level": 1012,
        "grnd_level": 985,
        "humidity": 51,
        "temp_kf": 0
      },
      "weather": [
        {
          "id": 800,
          "main": "Clear",
          "description": "clear sky",
          "icon": "01d"
        }
      ],
      "clouds": {
        "all": 1
      },
      "wind": {
        "speed": 1.63,
        "deg": 302,
        "gust": 3.18
      },
      "visibility": 10000,
      "pop": 0.2,
      "sys": {
        "pod": "d"
      },
      "dt_txt": "2023-08-28 18:00:00"
    },
    {
      "dt": 1693256400,
      "main": {
        "temp": 81.37,
        "feels_like": 82.94,
        "temp_min": 81.37,
        "temp_max": 81.37,
        "pressure": 1011,
        "sea_level": 1011,
        "grnd_level": 984,
        "humidity": 56,
        "temp_kf": 0
      },
      "weather": [
        {
          "id": 500,
          "main": "Rain",
          "description": "light rain",
          "icon": "10d"
        }
      ],
      "clouds": {
        "all": 50
      },
      "wind": {
        "speed": 1.99,
        "deg": 168,
        "gust": 3.44
      },
      "visibility": 10000,
      "pop": 0.48,
      "rain": {
        "3h": 0.17
      },
      "sys": {
        "pod": "d"
      },
      "dt_txt": "2023-08-28 21:00:00"
    },
    {
      "dt": 1693267200,
      "main": {
        "temp": 72.97,
        "feels_like": 73.72,
        "temp_min": 72.97,
        "temp_max": 72.97,
        "pressure": 1012,
        "sea_level": 1012,
        "grnd_level": 984,
        "humidity": 80,
        "temp_kf": 0
      },
      "weather": [
        {
          "id": 500,
          "main": "Rain",
          "description": "light rain",
          "icon": "10n"
        }
      ],
      "clouds": {
        "all": 71
      },
      "wind": {
        "speed": 0.94,
        "deg": 32,
        "gust": 3.47
      },
      "visibility": 10000,
      "pop": 0.52,
      "rain": {
        "3h": 0.47
      },
      "sys": {
        "pod": "n"
      },
      "dt_txt": "2023-08-29 00:00:00"
    },
    {
      "dt": 1693278000,
      "main": {
        "temp": 66.49,
        "feels_like": 67.12,
        "temp_min": 66.49,
        "temp_max": 66.49,
        "pressure": 1013,
        "sea_level": 1013,
        "grnd_level": 985,
        "humidity": 91,
        "temp_kf": 0
      },
      "weather": [
        {
          "id": 802,
          "main": "Clouds",
          "description": "scattered clouds",
          "icon": "03n"
        }
      ],
      "clouds": {
        "all": 47
      },
      "wind": {
        "speed": 3.6,
        "deg": 337,
        "gust": 7.78
      },
      "visibility": 10000,
      "pop": 0,
      "sys": {
        "pod": "n"
      },
      "dt_txt": "2023-08-29 03:00:00"
    },
    {
      "dt": 1693288800,
      "main": {
        "temp": 64.31,
        "feels_like": 64.87,
        "temp_min": 64.31,
        "temp_max": 64.31,
        "pressure": 1013,
        "sea_level": 1013,
        "grnd_level": 985,
        "humidity": 94,
        "temp_kf": 0
      },
      "weather": [
        {
          "id": 802,
          "main": "Clouds",
          "description": "scattered clouds",
          "icon": "03n"
        }
      ],
      "clouds": {
        "all": 25
      },
      "wind": {
        "speed": 2.46,
        "deg": 335,
        "gust": 3.18
      },
      "visibility": 10000,
      "pop": 0,
      "sys": {
        "pod": "n"
      },
      "dt_txt": "2023-08-29 06:00:00"
    },
    {
      "dt": 1693299600,
      "main": {
        "temp": 62.91,
        "feels_like": 63.41,
        "temp_min": 62.91,
        "temp_max": 62.91,
        "pressure": 1013,
        "sea_level": 1013,
        "grnd_level": 984,
        "humidity": 96,
        "temp_kf": 0
      },
      "weather": [
        {
          "id": 800,
          "main": "Clear",
          "description": "clear sky",
          "icon": "01n"
        }
      ],
      "clouds": {
        "all": 4
      },
      "wind": {
        "speed": 1.5,
        "deg": 318,
        "gust": 1.52
      },
      "visibility": 10000,
      "pop": 0,
      "sys": {
        "pod": "n"
      },
      "dt_txt": "2023-08-29 09:00:00"
    },
    {
      "dt": 1693310400,
      "main": {
        "temp": 64.45,
        "feels_like": 64.98,
        "temp_min": 64.45,
        "temp_max": 64.45,
        "pressure": 1013,
        "sea_level": 1013,
        "grnd_level": 985,
        "humidity": 93,
        "temp_kf": 0
      },
      "weather": [
        {
          "id": 800,
          "main": "Clear",
          "description": "clear sky",
          "icon": "01d"
        }
      ],
      "clouds": {
        "all": 5
      },
      "wind": {
        "speed": 1.68,
        "deg": 316,
        "gust": 2.3
      },
      "visibility": 10000,
      "pop": 0,
      "sys": {
        "pod": "d"
      },
      "dt_txt": "2023-08-29 12:00:00"
    },
    {
      "dt": 1693321200,
      "main": {
        "temp": 76.17,
        "feels_like": 76.73,
        "temp_min": 76.17,
        "temp_max": 76.17,
        "pressure": 1012,
        "sea_level": 1012,
        "grnd_level": 985,
        "humidity": 69,
        "temp_kf": 0
      },
      "weather": [
        {
          "id": 801,
          "main": "Clouds",
          "description": "few clouds",
          "icon": "02d"
        }
      ],
      "clouds": {
        "all": 15
      },
      "wind": {
        "speed": 0.65,
        "deg": 270,
        "gust": 1.3
      },
      "visibility": 10000,
      "pop": 0,
      "sys": {
        "pod": "d"
      },
      "dt_txt": "2023-08-29 15:00:00"
    },
    {
      "dt": 1693332000,
      "main": {
        "temp": 82.94,
        "feels_like": 83.32,
        "temp_min": 82.94,
        "temp_max": 82.94,
        "pressure": 1010,
        "sea_level": 1010,
        "grnd_level": 983,
        "humidity": 47,
        "temp_kf": 0
      },
      "weather": [
        {
          "id": 802,
          "main": "Clouds",
          "description": "scattered clouds",
          "icon": "03d"
        }
      ],
      "clouds": {
        "all": 29
      },
      "wind": {
        "speed": 3.69,
        "deg": 269,
        "gust": 5.68
      },
      "visibility": 10000,
      "pop": 0.06,
      "sys": {
        "pod": "d"
      },
      "dt_txt": "2023-08-29 18:00:00"
    },
    {
      "dt": 1693342800,
      "main": {
        "temp": 81.5,
        "feels_like": 81.84,
        "temp_min": 81.5,
        "temp_max": 81.5,
        "pressure": 1009,
        "sea_level": 1009,
        "grnd_level": 982,
        "humidity": 47,
        "temp_kf": 0
      },
      "weather": [
        {
          "id": 804,
          "main": "Clouds",
          "description": "overcast clouds",
          "icon": "04d"
        }
      ],
      "clouds": {
        "all": 95
      },
      "wind": {
        "speed": 4.12,
        "deg": 267,
        "gust": 5.97
      },
      "visibility": 10000,
      "pop": 0.05,
      "sys": {
        "pod": "d"
      },
      "dt_txt": "2023-08-29 21:00:00"
    },
    {
      "dt": 1693353600,
      "main": {
        "temp": 71.92,
        "feels_like": 71.87,
        "temp_min": 71.92,
        "temp_max": 71.92,
        "pressure": 1009,
        "sea_level": 1009,
        "grnd_level": 981,
        "humidity": 65,
        "temp_kf": 0
      },
      "weather": [
        {
          "id": 804,
          "main": "Clouds",
          "description": "overcast clouds",
          "icon": "04n"
        }
      ],
      "clouds": {
        "all": 98
      },
      "wind": {
        "speed": 4.18,
        "deg": 320,
        "gust": 8.28
      },
      "visibility": 10000,
      "pop": 0.01,
      "sys": {
        "pod": "n"
      },
      "dt_txt": "2023-08-30 00:00:00"
    },
    {
      "dt": 1693364400,
      "main": {
        "temp": 67.48,
        "feels_like": 66.79,
        "temp_min": 67.48,
        "temp_max": 67.48,
        "pressure": 1009,
        "sea_level": 1009,
        "grnd_level": 981,
        "humidity": 61,
        "temp_kf": 0
      },
      "weather": [
        {
          "id": 804,
          "main": "Clouds",
          "description": "overcast clouds",
          "icon": "04n"
        }
      ],
      "clouds": {
        "all": 100
      },
      "wind": {
        "speed": 1.92,
        "deg": 303,
        "gust": 1.99
      },
      "visibility": 10000,
      "pop": 0,
      "sys": {
        "pod": "n"
      },
      "dt_txt": "2023-08-30 03:00:00"
    },
    {
      "dt": 1693375200,
      "main": {
        "temp": 64.24,
        "feels_like": 63.41,
        "temp_min": 64.24,
        "temp_max": 64.24,
        "pressure": 1009,
        "sea_level": 1009,
        "grnd_level": 981,
        "humidity": 65,
        "temp_kf": 0
      },
      "weather": [
        {
          "id": 804,
          "main": "Clouds",
          "description": "overcast clouds",
          "icon": "04n"
        }
      ],
      "clouds": {
        "all": 100
      },
      "wind": {
        "speed": 2.26,
        "deg": 258,
        "gust": 2.3
      },
      "visibility": 10000,
      "pop": 0,
      "sys": {
        "pod": "n"
      },
      "dt_txt": "2023-08-30 06:00:00"
    },
    {
      "dt": 1693386000,
      "main": {
        "temp": 61.12,
        "feels_like": 60.22,
        "temp_min": 61.12,
        "temp_max": 61.12,
        "pressure": 1009,
        "sea_level": 1009,
        "grnd_level": 981,
        "humidity": 70,
        "temp_kf": 0
      },
      "weather": [
        {
          "id": 803,
          "main": "Clouds",
          "description": "broken clouds",
          "icon": "04n"
        }
      ],
      "clouds": {
        "all": 70
      },
      "wind": {
        "speed": 2.3,
        "deg": 191,
        "gust": 2.33
      },
      "visibility": 10000,
      "pop": 0,
      "sys": {
        "pod": "n"
      },
      "dt_txt": "2023-08-30 09:00:00"
    },
    {
      "dt": 1693396800,
      "main": {
        "temp": 61.75,
        "feels_like": 61.3,
        "temp_min": 61.75,
        "temp_max": 61.75,
        "pressure": 1010,
        "sea_level": 1010,
        "grnd_level": 982,
        "humidity": 78,
        "temp_kf": 0
      },
      "weather": [
        {
          "id": 802,
          "main": "Clouds",
          "description": "scattered clouds",
          "icon": "03d"
        }
      ],
      "clouds": {
        "all": 49
      },
      "wind": {
        "speed": 4.47,
        "deg": 297,
        "gust": 13.33
      },
      "visibility": 10000,
      "pop": 0,
      "sys": {
        "pod": "d"
      },
      "dt_txt": "2023-08-30 12:00:00"
    },
    {
      "dt": 1693407600,
      "main": {
        "temp": 66.94,
        "feels_like": 66.67,
        "temp_min": 66.94,
        "temp_max": 66.94,
        "pressure": 1011,
        "sea_level": 1011,
        "grnd_level": 983,
        "humidity": 71,
        "temp_kf": 0
      },
      "weather": [
        {
          "id": 803,
          "main": "Clouds",
          "description": "broken clouds",
          "icon": "04d"
        }
      ],
      "clouds": {
        "all": 71
      },
      "wind": {
        "speed": 7.49,
        "deg": 310,
        "gust": 12.01
      },
      "visibility": 10000,
      "pop": 0,
      "sys": {
        "pod": "d"
      },
      "dt_txt": "2023-08-30 15:00:00"
    },
    {
      "dt": 1693418400,
      "main": {
        "temp": 73.71,
        "feels_like": 73.45,
        "temp_min": 73.71,
        "temp_max": 73.71,
        "pressure": 1010,
        "sea_level": 1010,
        "grnd_level": 982,
        "humidity": 57,
        "temp_kf": 0
      },
      "weather": [
        {
          "id": 803,
          "main": "Clouds",
          "description": "broken clouds",
          "icon": "04d"
        }
      ],
      "clouds": {
        "all": 82
      },
      "wind": {
        "speed": 7.83,
        "deg": 319,
        "gust": 12.66
      },
      "visibility": 10000,
      "pop": 0.03,
      "sys": {
        "pod": "d"
      },
      "dt_txt": "2023-08-30 18:00:00"
    },
    {
      "dt": 1693429200,
      "main": {
        "temp": 72.61,
        "feels_like": 72.43,
        "temp_min": 72.61,
        "temp_max": 72.61,
        "pressure": 1010,
        "sea_level": 1010,
        "grnd_level": 982,
        "humidity": 61,
        "temp_kf": 0
      },
      "weather": [
        {
          "id": 500,
          "main": "Rain",
          "description": "light rain",
          "icon": "10d"
        }
      ],
      "clouds": {
        "all": 61
      },
      "wind": {
        "speed": 12.06,
        "deg": 339,
        "gust": 15.32
      },
      "visibility": 10000,
      "pop": 0.37,
      "rain": {
        "3h": 0.19
      },
      "sys": {
        "pod": "d"
      },
      "dt_txt": "2023-08-30 21:00:00"
    },
    {
      "dt": 1693440000,
      "main": {
        "temp": 65.08,
        "feels_like": 64.96,
        "temp_min": 65.08,
        "temp_max": 65.08,
        "pressure": 1012,
        "sea_level": 1012,
        "grnd_level": 983,
        "humidity": 78,
        "temp_kf": 0
      },
      "weather": [
        {
          "id": 803,
          "main": "Clouds",
          "description": "broken clouds",
          "icon": "04n"
        }
      ],
      "clouds": {
        "all": 67
      },
      "wind": {
        "speed": 8.99,
        "deg": 349,
        "gust": 21.41
      },
      "visibility": 10000,
      "pop": 0,
      "sys": {
        "pod": "n"
      },
      "dt_txt": "2023-08-31 00:00:00"
    },
    {
      "dt": 1693450800,
      "main": {
        "temp": 61.38,
        "feels_like": 61.3,
        "temp_min": 61.38,
        "temp_max": 61.38,
        "pressure": 1014,
        "sea_level": 1014,
        "grnd_level": 985,
        "humidity": 87,
        "temp_kf": 0
      },
      "weather": [
        {
          "id": 804,
          "main": "Clouds",
          "description": "overcast clouds",
          "icon": "04n"
        }
      ],
      "clouds": {
        "all": 89
      },
      "wind": {
        "speed": 6.78,
        "deg": 354,
        "gust": 20.2
      },
      "visibility": 10000,
      "pop": 0,
      "sys": {
        "pod": "n"
      },
      "dt_txt": "2023-08-31 03:00:00"
    },
    {
      "dt": 1693461600,
      "main": {
        "temp": 58.46,
        "feels_like": 58.33,
        "temp_min": 58.46,
        "temp_max": 58.46,
        "pressure": 1014,
        "sea_level": 1014,
        "grnd_level": 985,
        "humidity": 92,
        "temp_kf": 0
      },
      "weather": [
        {
          "id": 804,
          "main": "Clouds",
          "description": "overcast clouds",
          "icon": "04n"
        }
      ],
      "clouds": {
        "all": 94
      },
      "wind": {
        "speed": 6.35,
        "deg": 17,
        "gust": 22.32
      },
      "visibility": 10000,
      "pop": 0,
      "sys": {
        "pod": "n"
      },
      "dt_txt": "2023-08-31 06:00:00"
    },
    {
      "dt": 1693472400,
      "main": {
        "temp": 56.53,
        "feels_like": 56.26,
        "temp_min": 56.53,
        "temp_max": 56.53,
        "pressure": 1015,
        "sea_level": 1015,
        "grnd_level": 986,
        "humidity": 93,
        "temp_kf": 0
      },
      "weather": [
        {
          "id": 804,
          "main": "Clouds",
          "description": "overcast clouds",
          "icon": "04n"
        }
      ],
      "clouds": {
        "all": 97
      },
      "wind": {
        "speed": 4.59,
        "deg": 29,
        "gust": 17.6
      },
      "visibility": 10000,
      "pop": 0,
      "sys": {
        "pod": "n"
      },
      "dt_txt": "2023-08-31 09:00:00"
    },
    {
      "dt": 1693483200,
      "main": {
        "temp": 57.43,
        "feels_like": 56.91,
        "temp_min": 57.43,
        "temp_max": 57.43,
        "pressure": 1017,
        "sea_level": 1017,
        "grnd_level": 988,
        "humidity": 86,
        "temp_kf": 0
      },
      "weather": [
        {
          "id": 803,
          "main": "Clouds",
          "description": "broken clouds",
          "icon": "04d"
        }
      ],
      "clouds": {
        "all": 53
      },
      "wind": {
        "speed": 5.84,
        "deg": 38,
        "gust": 19.93
      },
      "visibility": 10000,
      "pop": 0,
      "sys": {
        "pod": "d"
      },
      "dt_txt": "2023-08-31 12:00:00"
    },
    {
      "dt": 1693494000,
      "main": {
        "temp": 68.88,
        "feels_like": 67.77,
        "temp_min": 68.88,
        "temp_max": 68.88,
        "pressure": 1018,
        "sea_level": 1018,
        "grnd_level": 990,
        "humidity": 49,
        "temp_kf": 0
      },
      "weather": [
        {
          "id": 800,
          "main": "Clear",
          "description": "clear sky",
          "icon": "01d"
        }
      ],
      "clouds": {
        "all": 0
      },
      "wind": {
        "speed": 7.45,
        "deg": 52,
        "gust": 12.19
      },
      "visibility": 10000,
      "pop": 0,
      "sys": {
        "pod": "d"
      },
      "dt_txt": "2023-08-31 15:00:00"
    },
    {
      "dt": 1693504800,
      "main": {
        "temp": 75.96,
        "feels_like": 74.95,
        "temp_min": 75.96,
        "temp_max": 75.96,
        "pressure": 1018,
        "sea_level": 1018,
        "grnd_level": 990,
        "humidity": 36,
        "temp_kf": 0
      },
      "weather": [
        {
          "id": 800,
          "main": "Clear",
          "description": "clear sky",
          "icon": "01d"
        }
      ],
      "clouds": {
        "all": 0
      },
      "wind": {
        "speed": 7.45,
        "deg": 39,
        "gust": 10.56
      },
      "visibility": 10000,
      "pop": 0,
      "sys": {
        "pod": "d"
      },
      "dt_txt": "2023-08-31 18:00:00"
    },
    {
      "dt": 1693515600,
      "main": {
        "temp": 77.11,
        "feels_like": 76.21,
        "temp_min": 77.11,
        "temp_max": 77.11,
        "pressure": 1017,
        "sea_level": 1017,
        "grnd_level": 990,
        "humidity": 36,
        "temp_kf": 0
      },
      "weather": [
        {
          "id": 800,
          "main": "Clear",
          "description": "clear sky",
          "icon": "01d"
        }
      ],
      "clouds": {
        "all": 0
      },
      "wind": {
        "speed": 6.96,
        "deg": 37,
        "gust": 9.57
      },
      "visibility": 10000,
      "pop": 0,
      "sys": {
        "pod": "d"
      },
      "dt_txt": "2023-08-31 21:00:00"
    },
    {
      "dt": 1693526400,
      "main": {
        "temp": 66.88,
        "feels_like": 65.95,
        "temp_min": 66.88,
        "temp_max": 66.88,
        "pressure": 1019,
        "sea_level": 1019,
        "grnd_level": 990,
        "humidity": 57,
        "temp_kf": 0
      },
      "weather": [
        {
          "id": 800,
          "main": "Clear",
          "description": "clear sky",
          "icon": "01n"
        }
      ],
      "clouds": {
        "all": 0
      },
      "wind": {
        "speed": 3.51,
        "deg": 26,
        "gust": 3.58
      },
      "visibility": 10000,
      "pop": 0,
      "sys": {
        "pod": "n"
      },
      "dt_txt": "2023-09-01 00:00:00"
    },
    {
      "dt": 1693537200,
      "main": {
        "temp": 61.43,
        "feels_like": 60.42,
        "temp_min": 61.43,
        "temp_max": 61.43,
        "pressure": 1021,
        "sea_level": 1021,
        "grnd_level": 992,
        "humidity": 67,
        "temp_kf": 0
      },
      "weather": [
        {
          "id": 800,
          "main": "Clear",
          "description": "clear sky",
          "icon": "01n"
        }
      ],
      "clouds": {
        "all": 0
      },
      "wind": {
        "speed": 3.94,
        "deg": 44,
        "gust": 8.75
      },
      "visibility": 10000,
      "pop": 0,
      "sys": {
        "pod": "n"
      },
      "dt_txt": "2023-09-01 03:00:00"
    },
    {
      "dt": 1693548000,
      "main": {
        "temp": 58.28,
        "feels_like": 57.24,
        "temp_min": 58.28,
        "temp_max": 58.28,
        "pressure": 1021,
        "sea_level": 1021,
        "grnd_level": 992,
        "humidity": 73,
        "temp_kf": 0
      },
      "weather": [
        {
          "id": 800,
          "main": "Clear",
          "description": "clear sky",
          "icon": "01n"
        }
      ],
      "clouds": {
        "all": 0
      },
      "wind": {
        "speed": 3.67,
        "deg": 76,
        "gust": 7.96
      },
      "visibility": 10000,
      "pop": 0,
      "sys": {
        "pod": "n"
      },
      "dt_txt": "2023-09-01 06:00:00"
    },
    {
      "dt": 1693558800,
      "main": {
        "temp": 56.46,
        "feels_like": 55.15,
        "temp_min": 56.46,
        "temp_max": 56.46,
        "pressure": 1022,
        "sea_level": 1022,
        "grnd_level": 993,
        "humidity": 71,
        "temp_kf": 0
      },
      "weather": [
        {
          "id": 800,
          "main": "Clear",
          "description": "clear sky",
          "icon": "01n"
        }
      ],
      "clouds": {
        "all": 0
      },
      "wind": {
        "speed": 3.36,
        "deg": 79,
        "gust": 3.22
      },
      "visibility": 10000,
      "pop": 0,
      "sys": {
        "pod": "n"
      },
      "dt_txt": "2023-09-01 09:00:00"
    },
    {
      "dt": 1693569600,
      "main": {
        "temp": 58.37,
        "feels_like": 57.2,
        "temp_min": 58.37,
        "temp_max": 58.37,
        "pressure": 1023,
        "sea_level": 1023,
        "grnd_level": 994,
        "humidity": 70,
        "temp_kf": 0
      },
      "weather": [
        {
          "id": 800,
          "main": "Clear",
          "description": "clear sky",
          "icon": "01d"
        }
      ],
      "clouds": {
        "all": 0
      },
      "wind": {
        "speed": 2.86,
        "deg": 80,
        "gust": 5.99
      },
      "visibility": 10000,
      "pop": 0,
      "sys": {
        "pod": "d"
      },
      "dt_txt": "2023-09-01 12:00:00"
    },
    {
      "dt": 1693580400,
      "main": {
        "temp": 72.37,
        "feels_like": 71.47,
        "temp_min": 72.37,
        "temp_max": 72.37,
        "pressure": 1023,
        "sea_level": 1023,
        "grnd_level": 995,
        "humidity": 46,
        "temp_kf": 0
      },
      "weather": [
        {
          "id": 800,
          "main": "Clear",
          "description": "clear sky",
          "icon": "01d"
        }
      ],
      "clouds": {
        "all": 0
      },
      "wind": {
        "speed": 3.96,
        "deg": 92,
        "gust": 5.79
      },
      "visibility": 10000,
      "pop": 0,
      "sys": {
        "pod": "d"
      },
      "dt_txt": "2023-09-01 15:00:00"
    },
    {
      "dt": 1693591200,
      "main": {
        "temp": 80.51,
        "feels_like": 79.65,
        "temp_min": 80.51,
        "temp_max": 80.51,
        "pressure": 1022,
        "sea_level": 1022,
        "grnd_level": 994,
        "humidity": 32,
        "temp_kf": 0
      },
      "weather": [
        {
          "id": 800,
          "main": "Clear",
          "description": "clear sky",
          "icon": "01d"
        }
      ],
      "clouds": {
        "all": 0
      },
      "wind": {
        "speed": 3.65,
        "deg": 113,
        "gust": 4.36
      },
      "visibility": 10000,
      "pop": 0,
      "sys": {
        "pod": "d"
      },
      "dt_txt": "2023-09-01 18:00:00"
    },
    {
      "dt": 1693602000,
      "main": {
        "temp": 81.25,
        "feels_like": 80.13,
        "temp_min": 81.25,
        "temp_max": 81.25,
        "pressure": 1020,
        "sea_level": 1020,
        "grnd_level": 992,
        "humidity": 32,
        "temp_kf": 0
      },
      "weather": [
        {
          "id": 800,
          "main": "Clear",
          "description": "clear sky",
          "icon": "01d"
        }
      ],
      "clouds": {
        "all": 0
      },
      "wind": {
        "speed": 2.77,
        "deg": 120,
        "gust": 3.62
      },
      "visibility": 10000,
      "pop": 0,
      "sys": {
        "pod": "d"
      },
      "dt_txt": "2023-09-01 21:00:00"
    },
    {
      "dt": 1693612800,
      "main": {
        "temp": 69.8,
        "feels_like": 68.92,
        "temp_min": 69.8,
        "temp_max": 69.8,
        "pressure": 1020,
        "sea_level": 1020,
        "grnd_level": 991,
        "humidity": 52,
        "temp_kf": 0
      },
      "weather": [
        {
          "id": 800,
          "main": "Clear",
          "description": "clear sky",
          "icon": "01n"
        }
      ],
      "clouds": {
        "all": 0
      },
      "wind": {
        "speed": 1.34,
        "deg": 79,
        "gust": 1.61
      },
      "visibility": 10000,
      "pop": 0,
      "sys": {
        "pod": "n"
      },
      "dt_txt": "2023-09-02 00:00:00"
    }
  ],
  "city": {
    "id": 5206379,
    "name": "Pittsburgh",
    "coord": {
      "lat": 40.4406,
      "lon": -79.9959
    },
    "country": "US",
    "population": 305704,
    "timezone": -14400,
    "sunrise": 1693132944,
    "sunset": 1693180872
  }
}
